"lakeid","sta","sampledate","andate","coreid","top_bottom","fract_count","tanyt","chiro","tanyp","ortho","pupae_tanyt","pupae_chiro","pupae_total"
"myv","33","2012-06-08","2012-06-09","1","0","1","0","0","1","0","NA","NA","0"
"myv","33","2012-06-08","2012-06-09","2","0","1","0","0","0","0","NA","NA","0"
"myv","33","2012-06-08","2012-06-09","3","0","1","0","0","0","0","NA","NA","0"
"myv","33","2012-06-08","2012-06-09","4","0","1","0","0","1","0","NA","NA","0"
"myv","33","2012-06-08","2012-06-09","5","0","1","0","0","1","0","NA","NA","0"
"myv","33","2012-06-08","2012-07-05","1","1","1","0","0","3","0","NA","NA","0"
"myv","33","2012-06-08","2012-07-05","2","1","1","0","1","1","0","NA","NA","0"
"myv","33","2012-06-08","2012-07-05","3","1","1","0","0","1","0","NA","NA","0"
"myv","33","2012-06-08","2012-07-05","4","1","1","0","1","1","0","NA","NA","0"
"myv","33","2012-06-08","2012-07-05","5","1","1","0","1","1","0","NA","NA","0"
"myv","33","2012-06-12","2012-07-07","1","1","1","1","0","0","0","NA","NA","1"
"myv","33","2012-06-12","2012-07-07","2","1","1","0","0","1","0","NA","NA","0"
"myv","33","2012-06-12","2012-07-07","3","1","1","0","0","1","0","NA","NA","0"
"myv","33","2012-06-12","2012-07-07","5","1","1","0","0","0","0","NA","NA","0"
"myv","33","2012-06-19","2012-06-20","1","0","1","0","0","0","0","NA","NA","0"
"myv","33","2012-06-19","2012-06-20","2","0","1","0","0","1","0","NA","NA","0"
"myv","33","2012-06-19","2012-06-20","3","0","1","0","0","1","0","NA","NA","0"
"myv","33","2012-06-19","2012-06-20","4","0","1","0","0","1","0","NA","NA","0"
"myv","33","2012-06-19","2012-06-20","5","0","1","0","0","0","0","NA","NA","0"
"myv","33","2012-06-19","2012-06-20","1","1","1","0","0","1","0","NA","NA","0"
"myv","33","2012-06-19","2012-06-20","2","1","1","0","1","2","0","NA","NA","0"
"myv","33","2012-06-19","2012-06-20","3","1","1","0","0","0","0","NA","NA","0"
"myv","33","2012-06-19","2012-06-20","4","1","1","0","0","1","0","NA","NA","0"
"myv","33","2012-06-19","2012-06-20","5","1","1","0","0","0","0","NA","NA","0"
"myv","33","2012-06-26","2012-06-27","1","0","1","0","0","3","0","NA","NA","0"
"myv","33","2012-06-26","2012-06-27","2","0","1","0","0","0","0","NA","NA","0"
"myv","33","2012-06-26","2012-06-27","3","0","1","0","0","0","0","NA","NA","0"
"myv","33","2012-06-26","2012-06-27","4","0","1","0","0","0","0","NA","NA","0"
"myv","33","2012-06-26","2012-06-27","5","0","1","0","0","1","0","NA","NA","0"
"myv","33","2012-06-26","2012-06-27","1","1","1","0","0","2","0","NA","NA","0"
"myv","33","2012-06-26","2012-06-27","2","1","1","0","0","1","1","NA","NA","0"
"myv","33","2012-06-26","2012-06-27","3","1","1","0","0","0","0","NA","NA","0"
"myv","33","2012-06-26","2012-06-27","4","1","1","0","0","0","0","NA","NA","0"
"myv","33","2012-06-26","2012-06-27","5","1","1","0","0","0","0","NA","NA","0"
"myv","33","2012-07-03","2012-07-04","1","0","1","0","1","0","0","NA","NA","0"
"myv","33","2012-07-03","2012-07-04","2","0","1","0","6","0","0","NA","NA","0"
"myv","33","2012-07-03","2012-07-04","3","0","1","0","9","0","0","NA","NA","0"
"myv","33","2012-07-03","2012-07-04","4","0","1","0","2","0","0","NA","NA","0"
"myv","33","2012-07-03","2012-07-04","5","0","1","0","4","0","0","NA","NA","0"
"myv","33","2012-07-03","2012-07-04","1","1","1","0","0","0","0","NA","NA","0"
"myv","33","2012-07-03","2012-07-04","2","1","1","0","0","0","0","NA","NA","0"
"myv","33","2012-07-03","2012-07-04","3","1","1","0","0","1","0","NA","NA","0"
"myv","33","2012-07-03","2012-07-04","4","1","1","0","0","0","0","NA","NA","0"
"myv","33","2012-07-03","2012-07-04","5","1","1","0","0","1","0","NA","NA","0"
"myv","33","2012-07-11","2012-07-19","1","2","1","0","1","0","0","NA","NA","0"
"myv","33","2012-07-11","2012-07-19","2","2","1","0","0","0","1","NA","NA","0"
"myv","33","2012-07-11","2012-07-19","3","2","1","0","1","1","2","NA","NA","0"
"myv","33","2012-07-11","2012-07-19","4","2","1","0","0","1","0","NA","NA","0"
"myv","33","2012-07-11","2012-07-19","5","2","1","0","0","2","0","NA","NA","0"
"myv","33","2012-07-17","2012-07-17","1","0","1","0","0","0","1","NA","NA","0"
"myv","33","2012-07-17","2012-07-17","2","0","1","0","1","0","1","NA","NA","0"
"myv","33","2012-07-17","2012-07-17","3","0","1","0","3","0","9","NA","NA","0"
"myv","33","2012-07-17","2012-07-17","4","0","1","0","0","0","0","NA","NA","0"
"myv","33","2012-07-17","2012-07-17","5","0","1","0","3","0","3","NA","NA","0"
"myv","33","2012-07-17","2012-07-17","1","1","1","0","3","0","7","NA","NA","0"
"myv","33","2012-07-17","2012-07-17","2","1","1","0","4","0","1","NA","NA","0"
"myv","33","2012-07-17","2012-07-17","3","1","1","0","0","0","10","NA","NA","0"
"myv","33","2012-07-17","2012-07-17","4","1","1","0","0","0","1","NA","NA","0"
"myv","33","2012-07-17","2012-07-17","5","1","1","0","2","0","3","NA","NA","0"
"myv","33","2012-07-29","2012-07-29","1","0","1","0","0","0","2","NA","NA","0"
"myv","33","2012-07-29","2012-07-29","2","0","1","0","0","0","0","NA","NA","0"
"myv","33","2012-07-29","2012-07-29","3","0","1","0","3","0","1","NA","NA","0"
"myv","33","2012-07-29","2012-07-29","4","0","1","0","4","2","1","NA","NA","0"
"myv","33","2012-07-29","2012-07-29","5","0","1","1","0","0","14","NA","NA","0"
"myv","33","2012-07-29","2012-07-29","1","1","1","0","9","0","1","NA","NA","0"
"myv","33","2012-07-29","2012-07-29","2","1","1","0","10","0","0","NA","NA","0"
"myv","33","2012-07-29","2012-07-29","3","1","1","0","1","0","0","NA","NA","0"
"myv","33","2012-07-29","2012-07-29","4","1","1","0","16","1","0","NA","NA","0"
"myv","33","2012-07-29","2012-07-29","5","1","1","0","12","1","5","NA","NA","0"
"myv","33","2012-08-04","2012-08-04","1","0","1","0","8","0","1","NA","NA","0"
"myv","33","2012-08-04","2012-08-04","2","0","1","0","0","0","0","NA","NA","0"
"myv","33","2012-08-04","2012-08-04","3","0","1","0","0","0","15","NA","NA","0"
"myv","33","2012-08-04","2012-08-04","4","0","1","0","0","0","0","NA","NA","0"
"myv","33","2012-08-04","2012-08-04","5","0","1","0","0","0","4","NA","NA","0"
"myv","33","2012-08-04","2012-08-04","1","1","1","0","0","2","8","NA","NA","0"
"myv","33","2012-08-04","2012-08-04","2","1","1","0","4","0","0","NA","NA","0"
"myv","33","2012-08-04","2012-08-04","3","1","1","0","3","1","1","NA","NA","0"
"myv","33","2012-08-04","2012-08-04","4","1","1","0","0","0","1","NA","NA","0"
"myv","33","2012-08-04","2012-08-04","5","1","1","0","6","1","5","NA","NA","0"
"myv","33","2012-08-17","2012-08-17","1","0","1","0","0","1","1","NA","NA","0"
"myv","33","2012-08-17","2012-08-17","2","0","1","1","0","0","0","NA","NA","0"
"myv","33","2012-08-17","2012-08-17","3","0","1","1","0","0","0","NA","NA","0"
"myv","33","2012-08-17","2012-08-17","4","0","1","0","0","0","1","NA","NA","0"
"myv","33","2012-08-17","2012-08-17","5","0","1","0","0","0","7","NA","NA","0"
"myv","33","2012-08-17","2012-08-17","1","1","1","0","0","0","0","NA","NA","0"
"myv","33","2012-08-17","2012-08-17","2","1","1","0","5","0","5","NA","NA","0"
"myv","33","2012-08-17","2012-08-17","3","1","1","0","5","0","0","NA","NA","0"
"myv","33","2012-08-17","2012-08-17","4","1","1","0","4","1","0","NA","NA","0"
"myv","33","2012-08-17","2012-08-17","5","1","1","0","3","3","5","NA","NA","0"
"myv","33","2013-06-08","2013-06-09","1","0","1","0","0","1","0","NA","NA","0"
"myv","33","2013-06-08","2013-06-09","2","0","1","2","1","3","0","NA","NA","0"
"myv","33","2013-06-08","2013-06-09","3","0","1","2","0","4","0","NA","NA","0"
"myv","33","2013-06-08","2013-06-09","4","0","1","1","0","4","0","NA","NA","0"
"myv","33","2013-06-08","2013-06-09","5","0","1","0","0","1","0","NA","NA","0"
"myv","33","2013-06-08","2013-06-09","1","1","1","2","2","1","0","NA","NA","0"
"myv","33","2013-06-08","2013-06-09","2","1","1","1","0","3","0","NA","NA","1"
"myv","33","2013-06-08","2013-06-09","3","1","1","0","2","1","0","NA","NA","0"
"myv","33","2013-06-08","2013-06-09","4","1","1","0","0","4","0","NA","NA","0"
"myv","33","2013-06-08","2013-06-09","5","1","1","0","3","1","0","NA","NA","3"
"myv","33","2013-06-15","2013-06-16","1","0","1","0","0","1","2","NA","NA","1"
"myv","33","2013-06-15","2013-06-16","2","0","1","0","0","1","0","NA","NA","0"
"myv","33","2013-06-15","2013-06-16","3","0","1","0","0","0","0","NA","NA","0"
"myv","33","2013-06-15","2013-06-16","4","0","1","0","0","2","1","NA","NA","1"
"myv","33","2013-06-15","2013-06-16","1","1","1","0","0","0","0","NA","NA","0"
"myv","33","2013-06-15","2013-06-16","2","1","1","0","3","1","1","NA","NA","1"
"myv","33","2013-06-15","2013-06-16","3","1","1","0","3","1","0","NA","NA","0"
"myv","33","2013-06-15","2013-06-16","4","1","1","0","0","0","0","NA","NA","0"
"myv","33","2013-06-22","2013-06-24","1","0","1","0","81","0","0","NA","NA","0"
"myv","33","2013-06-22","2013-06-24","2","0","1","0","205","1","1","NA","NA","0"
"myv","33","2013-06-22","2013-06-24","3","0","1","0","139","0","0","NA","NA","0"
"myv","33","2013-06-22","2013-06-24","4","0","1","0","257","0","0","NA","NA","0"
"myv","33","2013-06-22","2013-06-24","5","0","1","0","89","2","0","NA","NA","0"
"myv","33","2013-06-22","2013-06-24","1","1","1","0","0","0","1","NA","NA","0"
"myv","33","2013-06-22","2013-06-24","2","1","1","0","0","1","0","NA","NA","0"
"myv","33","2013-06-22","2013-06-24","3","1","1","0","1","2","0","NA","NA","0"
"myv","33","2013-06-22","2013-06-24","4","1","1","0","0","0","0","NA","NA","0"
"myv","33","2013-06-22","2013-06-24","5","1","1","0","3","0","0","NA","NA","0"
"myv","33","2013-06-29","2013-06-30","1","0","1","0","156","0","0","NA","NA","0"
"myv","33","2013-06-29","2013-06-30","2","0","1","0","146","0","0","NA","NA","0"
"myv","33","2013-06-29","2013-06-30","3","0","1","0","95","0","2","NA","NA","0"
"myv","33","2013-06-29","2013-06-30","4","0","1","0","11","0","1","NA","NA","0"
"myv","33","2013-06-29","2013-06-30","1","1","1","0","1","0","0","NA","NA","0"
"myv","33","2013-06-29","2013-06-30","2","1","1","0","1","0","1","NA","NA","0"
"myv","33","2013-06-29","2013-06-30","3","1","1","0","6","0","1","NA","NA","1"
"myv","33","2013-06-29","2013-06-30","4","1","1","0","19","0","2","NA","NA","0"
"myv","33","2013-07-08","2013-07-09","1","0","1","8","178","0","0","NA","NA","0"
"myv","33","2013-07-08","2013-07-09","2","0","1","6","136","0","0","NA","NA","0"
"myv","33","2013-07-08","2013-07-09","3","0","1","15","118","1","0","NA","NA","0"
"myv","33","2013-07-08","2013-07-09","4","0","1","21","206","2","0","NA","NA","0"
"myv","33","2013-07-08","2013-07-09","5","0","1","14","209","2","0","NA","NA","0"
"myv","33","2013-07-08","2013-07-09","1","1","1","7","58","1","0","NA","NA","0"
"myv","33","2013-07-08","2013-07-09","2","1","1","4","55","1","0","NA","NA","0"
"myv","33","2013-07-08","2013-07-09","3","1","1","2","76","0","0","NA","NA","0"
"myv","33","2013-07-08","2013-07-09","4","1","1","8","67","0","0","NA","NA","0"
"myv","33","2013-07-08","2013-07-09","5","1","1","2","39","0","0","NA","NA","0"
"myv","33","2013-07-14","2013-07-15","1","0","1","18","167","5","2","NA","NA","0"
"myv","33","2013-07-14","2013-07-15","2","0","1","7","117","7","1","NA","NA","0"
"myv","33","2013-07-14","2013-07-15","3","0","1","19","174","2","2","NA","NA","0"
"myv","33","2013-07-14","2013-07-15","4","0","1","17","143","5","3","NA","NA","0"
"myv","33","2013-07-14","2013-07-15","5","0","1","16","161","5","0","NA","NA","0"
"myv","33","2013-07-14","2013-07-15","1","1","1","5","83","2","0","NA","NA","0"
"myv","33","2013-07-14","2013-07-15","2","1","1","1","59","1","0","NA","NA","0"
"myv","33","2013-07-14","2013-07-15","3","1","1","7","92","0","0","NA","NA","0"
"myv","33","2013-07-14","2013-07-15","4","1","1","1","88","2","0","NA","NA","0"
"myv","33","2013-07-14","2013-07-15","5","1","1","2","103","0","0","NA","NA","0"
"myv","33","2013-07-20","2013-07-20","1","0","1","12","88","13","4","NA","NA","2"
"myv","33","2013-07-20","2013-07-20","2","0","1","19","89","2","2","NA","NA","0"
"myv","33","2013-07-20","2013-07-20","3","0","1","18","79","0","3","NA","NA","0"
"myv","33","2013-07-20","2013-07-20","4","0","1","11","72","8","14","NA","NA","0"
"myv","33","2013-07-20","2013-07-20","5","0","1","4","65","4","0","NA","NA","0"
"myv","33","2013-07-20","2013-07-20","1","1","1","7","158","1","1","NA","NA","1"
"myv","33","2013-07-20","2013-07-20","2","1","1","2","130","1","1","NA","NA","0"
"myv","33","2013-07-20","2013-07-20","3","1","1","6","129","1","0","NA","NA","0"
"myv","33","2013-07-20","2013-07-20","4","1","1","5","105","1","0","NA","NA","1"
"myv","33","2013-07-20","2013-07-20","5","1","1","11","123","1","2","NA","NA","2"
"myv","33","2013-07-27","2013-07-28","1","0","1","10","43","6","1","NA","NA","0"
"myv","33","2013-07-27","2013-07-28","2","0","1","13","34","1","55","NA","NA","3"
"myv","33","2013-07-27","2013-07-28","3","0","1","5","46","2","1","NA","NA","1"
"myv","33","2013-07-27","2013-07-28","4","0","1","10","55","1","0","NA","NA","1"
"myv","33","2013-07-27","2013-07-28","5","0","1","3","42","2","0","NA","NA","0"
"myv","33","2013-07-27","2013-07-28","1","1","1","0","150","0","0","NA","NA","1"
"myv","33","2013-07-27","2013-07-28","2","1","1","3","110","2","13","NA","NA","0"
"myv","33","2013-07-27","2013-07-28","3","1","1","0","158","0","2","NA","NA","0"
"myv","33","2013-07-27","2013-07-28","4","1","1","1","134","0","2","NA","NA","0"
"myv","33","2013-07-27","2013-07-28","5","1","1","1","160","0","0","NA","NA","0"
"myv","33","2013-08-06","2013-08-06","1","0","1","12","58","1","5","NA","NA","1"
"myv","33","2013-08-06","2013-08-06","2","0","1","14","56","1","3","NA","NA","0"
"myv","33","2013-08-06","2013-08-06","3","0","1","60","44","3","26","NA","NA","0"
"myv","33","2013-08-06","2013-08-06","4","0","1","18","34","3","0","NA","NA","0"
"myv","33","2013-08-06","2013-08-06","5","0","1","79","55","7","1","NA","NA","0"
"myv","33","2013-08-06","2013-08-06","1","1","1","3","126","1","5","NA","NA","0"
"myv","33","2013-08-06","2013-08-06","2","1","1","2","161","2","7","NA","NA","0"
"myv","33","2013-08-06","2013-08-06","3","1","1","1","130","2","0","NA","NA","0"
"myv","33","2013-08-06","2013-08-06","4","1","1","3","170","1","4","NA","NA","1"
"myv","33","2013-08-06","2013-08-06","5","1","1","2","112","1","1","NA","NA","0"
"myv","33","2013-08-11","2013-08-15","1","0","1","149","29","2","1","NA","NA","0"
"myv","33","2013-08-11","2013-08-15","2","0","1","508","62","8","64","NA","NA","1"
"myv","33","2013-08-11","2013-08-15","3","0","1","9","14","0","2","NA","NA","0"
"myv","33","2013-08-11","2013-08-15","4","0","1","30","36","3","39","NA","NA","0"
"myv","33","2013-08-11","2013-08-15","5","0","1","102","59","4","22","NA","NA","1"
"myv","33","2013-08-11","2013-08-15","1","1","1","1","109","1","1","NA","NA","0"
"myv","33","2013-08-11","2013-08-15","2","1","1","3","89","2","11","NA","NA","0"
"myv","33","2013-08-11","2013-08-15","3","1","1","0","66","1","3","NA","NA","0"
"myv","33","2013-08-11","2013-08-15","4","1","1","1","117","1","12","NA","NA","0"
"myv","33","2013-08-11","2013-08-15","5","1","1","0","104","0","2","NA","NA","0"
"myv","33","2013-08-17","2013-08-18","1","0","1","273","21","8","3","NA","NA","0"
"myv","33","2013-08-17","2013-08-18","2","0","1","255","22","4","2","NA","NA","0"
"myv","33","2013-08-17","2013-08-18","3","0","1","71","27","4","0","NA","NA","0"
"myv","33","2013-08-17","2013-08-18","4","0","1","144","20","4","8","NA","NA","0"
"myv","33","2013-08-17","2013-08-18","5","0","1","307","19","6","0","NA","NA","1"
"myv","33","2013-08-17","2013-08-18","1","1","1","1","146","1","0","NA","NA","0"
"myv","33","2013-08-17","2013-08-18","2","1","1","7","150","0","0","NA","NA","0"
"myv","33","2013-08-17","2013-08-18","3","1","1","0","110","1","0","NA","NA","0"
"myv","33","2013-08-17","2013-08-18","4","1","1","21","141","3","3","NA","NA","0"
"myv","33","2013-08-17","2013-08-18","5","1","1","33","156","0","0","NA","NA","0"
"myv","33","2014-06-02","2014-06-10","1","0","1","0","2","0","1","NA","NA","0"
"myv","33","2014-06-02","2014-06-10","2","0","1","1","1","0","0","NA","NA","0"
"myv","33","2014-06-02","2014-06-10","3","0","1","0","0","0","0","NA","NA","0"
"myv","33","2014-06-02","2014-06-10","4","0","1","0","1","0","0","NA","NA","0"
"myv","33","2014-06-02","2014-06-10","5","0","1","1","0","0","0","NA","NA","0"
"myv","33","2014-06-02","2014-06-10","1","1","1","0","8","0","0","NA","NA","0"
"myv","33","2014-06-02","2014-06-10","2","1","1","1","15","0","0","NA","NA","0"
"myv","33","2014-06-02","2014-06-10","3","1","1","0","5","1","0","NA","NA","0"
"myv","33","2014-06-02","2014-06-10","4","1","1","0","11","2","1","NA","NA","0"
"myv","33","2014-06-02","2014-06-10","5","1","1","0","25","0","0","NA","NA","0"
"myv","33","2014-06-09","2014-06-11","1","0","1","0","1","0","0","NA","NA","0"
"myv","33","2014-06-09","2014-06-11","2","0","1","1","0","1","0","NA","NA","0"
"myv","33","2014-06-09","2014-06-11","3","0","1","0","1","0","0","NA","NA","0"
"myv","33","2014-06-09","2014-06-11","4","0","1","2","0","0","0","NA","NA","0"
"myv","33","2014-06-09","2014-06-11","5","0","1","0","1","1","0","NA","NA","0"
"myv","33","2014-06-09","2014-06-11","1","1","1","2","8","0","0","NA","NA","0"
"myv","33","2014-06-09","2014-06-11","2","1","1","1","29","2","0","NA","NA","0"
"myv","33","2014-06-09","2014-06-11","3","1","1","2","20","0","0","NA","NA","0"
"myv","33","2014-06-09","2014-06-11","4","1","1","0","16","0","0","NA","NA","0"
"myv","33","2014-06-09","2014-06-11","5","1","1","0","22","0","0","NA","NA","0"
"myv","33","2014-06-19","2014-06-19","1","0","1","0","0","0","0","NA","NA","0"
"myv","33","2014-06-19","2014-06-19","2","0","1","1","2","0","0","NA","NA","0"
"myv","33","2014-06-19","2014-06-19","3","0","1","1","0","0","0","NA","NA","0"
"myv","33","2014-06-19","2014-06-19","4","0","1","0","0","0","0","NA","NA","0"
"myv","33","2014-06-19","2014-06-19","5","0","1","0","1","0","0","NA","NA","0"
"myv","33","2014-06-19","2014-06-19","1","1","1","3","13","0","0","NA","NA","0"
"myv","33","2014-06-19","2014-06-19","2","1","1","12","21","1","0","NA","NA","0"
"myv","33","2014-06-19","2014-06-19","3","1","1","25","21","0","0","NA","NA","0"
"myv","33","2014-06-19","2014-06-19","4","1","1","41","16","0","0","NA","NA","0"
"myv","33","2014-06-19","2014-06-19","5","1","1","17","16","0","0","NA","NA","0"
"myv","33","2014-06-27","2014-06-27","1","2","0.25","41","2","0","2","NA","NA","0"
"myv","33","2014-06-27","2014-06-27","2","2","0.25","91","3","1","0","NA","NA","0"
"myv","33","2014-06-27","2014-06-27","3","2","0.25","59","4","0","0","NA","NA","0"
"myv","33","2014-06-27","2014-06-27","4","2","0.25","36","3","0","0","NA","NA","0"
"myv","33","2014-06-27","2014-06-27","5","2","0.25","100","4","2","0","NA","NA","0"
"myv","33","2014-07-06","2014-07-06","1","2","0.25","127","6","0","1","NA","NA","0"
"myv","33","2014-07-06","2014-07-06","2","2","0.25","65","4","0","2","NA","NA","0"
"myv","33","2014-07-06","2014-07-06","3","2","0.25","125","9","0","1","NA","NA","0"
"myv","33","2014-07-06","2014-07-06","4","2","0.25","82","6","0","1","NA","NA","0"
"myv","33","2014-07-06","2014-07-06","5","2","0.25","49","2","0","0","NA","NA","0"
"myv","33","2014-07-17","2014-07-18","1","2","0.25","135","1","1","0","NA","NA","2"
"myv","33","2014-07-17","2014-07-18","2","2","0.25","153","6","0","0","NA","NA","3"
"myv","33","2014-07-17","2014-07-18","3","2","0.25","219","5","0","0","NA","NA","4"
"myv","33","2014-07-17","2014-07-18","4","2","0.25","171","10","0","0","NA","NA","0"
"myv","33","2014-07-17","2014-07-18","5","2","0.25","146","3","0","0","NA","NA","0"
"myv","33","2014-08-01","2014-08-03","1","2","0.25","53","3","1","0","NA","NA","0"
"myv","33","2014-08-01","2014-08-03","2","2","0.25","163","2","0","0","NA","NA","0"
"myv","33","2014-08-01","2014-08-03","3","2","0.25","134","5","0","0","NA","NA","0"
"myv","33","2014-08-01","2014-08-03","4","2","0.25","163","5","0","0","NA","NA","0"
"myv","33","2014-08-01","2014-08-03","5","2","0.25","184","3","0","0","NA","NA","0"
"myv","33","2014-08-09","2014-08-10","1","2","0.25","172","4","0","1","NA","NA","0"
"myv","33","2014-08-09","2014-08-10","2","2","0.25","209","0","0","0","NA","NA","0"
"myv","33","2014-08-09","2014-08-10","3","2","0.25","212","1","0","0","NA","NA","0"
"myv","33","2014-08-09","2014-08-10","4","2","0.25","123","1","0","1","NA","NA","0"
"myv","33","2014-08-09","2014-08-10","5","2","0.25","118","3","0","0","NA","NA","0"
"myv","33","2014-08-19","2014-08-20","1","2","0.25","140","4","6","1","NA","NA","0"
"myv","33","2014-08-19","2014-08-20","2","2","0.25","91","1","1","0","NA","NA","0"
"myv","33","2014-08-19","2014-08-20","3","2","0.25","229","4","1","2","NA","NA","0"
"myv","33","2014-08-19","2014-08-20","4","2","0.25","68","3","1","0","NA","NA","0"
"myv","33","2014-08-19","2014-08-20","5","2","0.25","149","4","1","0","NA","NA","0"
"myv","33","2015-05-17","2015-05-18","4","0","0.5","36","0","0","0","0","0","0"
"myv","33","2015-05-17","2015-05-18","5","0","0.5","17","0","0","0","0","0","0"
"myv","33","2015-05-17","2015-05-18","4","1","0.5","28","1","0","0","0","0","0"
"myv","33","2015-05-17","2015-05-18","5","1","0.5","20","1","0","0","0","0","0"
"myv","33","2015-05-17","2015-05-18","6","0","0.5","69","0","0","0","0","0","0"
"myv","33","2015-05-17","2015-05-18","7","0","0.25","48","0","0","0","0","0","0"
"myv","33","2015-05-17","2015-05-18","8","0","0.5","42","0","0","0","0","0","0"
"myv","33","2015-05-17","2015-05-18","9","0","0.5","42","0","1","0","0","0","0"
"myv","33","2015-05-17","2015-05-18","10","0","0.5","50","0","0","0","0","0","0"
"myv","33","2015-05-17","2015-05-18","6","1","0.5","15","0","0","0","0","0","0"
"myv","33","2015-05-17","2015-05-18","7","1","0.5","22","2","0","0","0","0","0"
"myv","33","2015-05-17","2015-05-18","8","1","0.5","25","0","0","0","0","0","0"
"myv","33","2015-05-17","2015-05-18","9","1","0.5","24","2","0","0","0","0","0"
"myv","33","2015-05-17","2015-05-18","10","1","0.5","20","2","0","0","0","0","0"
"myv","1","2015-05-22","2015-05-23","1","2","0.5","0","0","1","0","0","0","0"
"myv","1","2015-05-22","2015-05-23","2","2","1","13","1","3","0","0","0","0"
"myv","1","2015-05-22","2015-05-23","3","2","1","29","1","2","0","0","0","0"
"myv","2","2015-05-22","2015-05-23","1","2","0.5","39","2","4","0","0","0","0"
"myv","2","2015-05-22","2015-05-23","2","2","0.5","1","2","0","0","0","0","0"
"myv","2","2015-05-22","2015-05-23","3","2","0.5","10","0","3","1","0","0","0"
"myv","33","2015-05-22","2015-05-23","1","2","0.5","46","0","1","0","0","0","0"
"myv","33","2015-05-22","2015-05-23","2","2","0.5","38","3","1","0","0","0","0"
"myv","33","2015-05-22","2015-05-23","3","2","0.5","30","2","1","0","0","0","0"
"myv","4","2015-05-22","2015-05-23","1","2","0.5","7","0","2","0","0","0","0"
"myv","4","2015-05-22","2015-05-23","2","2","0.5","26","2","0","0","0","0","0"
"myv","4","2015-05-22","2015-05-23","3","2","0.5","28","1","6","0","0","0","0"
"myv","5","2015-05-25","2015-05-26","1","2","0.5","95","1","3","0","0","0","0"
"myv","5","2015-05-25","2015-05-26","2","2","0.5","110","8","13","0","0","0","0"
"myv","5","2015-05-25","2015-05-26","3","2","0.5","82","2","6","0","0","0","0"
"myv","6","2015-05-24","2015-05-26","1","2","0.5","27","2","3","0","0","0","0"
"myv","6","2015-05-24","2015-05-24","2","2","0.5","36","2","2","1","0","0","0"
"myv","6","2015-05-24","2015-05-26","3","2","1","111","2","2","0","0","2","2"
"myv","33","2015-05-29","2015-05-30","1","2","0.5","59","2","1","0","2","1","3"
"myv","33","2015-05-29","2015-05-30","2","2","0.5","56","1","0","0","2","0","2"
"myv","33","2015-05-29","2015-05-30","3","2","0.5","83","3","0","0","0","0","0"
"myv","33","2015-05-29","2015-05-30","4","2","0.5","28","1","0","0","0","0","0"
"myv","33","2015-05-29","2015-05-30","5","2","0.5","44","1","2","0","0","0","0"
"myv","33","2015-06-04","2015-06-05","1","2","0.5","85","1","0","0","0","1","1"
"myv","33","2015-06-04","2015-06-05","2","2","0.5","67","2","0","0","1","1","2"
"myv","33","2015-06-04","2015-06-05","3","2","0.5","80","1","1","0","4","0","4"
"myv","33","2015-06-04","2015-06-05","4","2","0.5","69","1","2","0","1","1","2"
"myv","33","2015-06-04","2015-06-05","5","2","0.5","69","0","0","0","2","0","2"
"myv","33","2015-06-11","2015-06-12","1","2","0.5","38","0","1","1","NA","NA","NA"
"myv","33","2015-06-11","2015-06-12","2","2","0.5","20","0","0","0","NA","NA","NA"
"myv","33","2015-06-11","2015-06-13","3","2","0.5","9","0","0","0","21","0","21"
"myv","33","2015-06-11","2015-06-12","4","2","0.5","22","2","1","0","NA","NA","NA"
"myv","33","2015-06-11","2015-06-12","5","2","0.5","34","2","1","0","NA","NA","NA"
"myv","33","2015-06-18","2015-06-19","1","2","1","4","1","1","0","20","0","20"
"myv","33","2015-06-18","2015-06-19","2","2","1","13","0","0","0","39","0","39"
"myv","33","2015-06-18","2015-06-19","3","2","1","3","2","1","0","17","0","17"
"myv","33","2015-06-18","2015-06-19","4","2","1","8","0","0","0","12","0","12"
"myv","33","2015-06-18","2015-06-19","5","2","1","18","4","0","0","62","2","64"
"myv","33","2015-06-25","2015-06-26","1","2","1","2","3","2","0","1","0","1"
"myv","33","2015-06-25","2015-06-26","2","2","1","4","2","1","0","0","0","0"
"myv","33","2015-06-25","2015-06-26","3","2","1","4","1","2","0","1","0","1"
"myv","33","2015-06-25","2015-06-26","4","2","1","1","1","1","0","0","0","0"
"myv","33","2015-06-25","2015-06-26","5","2","1","6","2","0","0","2","0","2"
"myv","33","2015-07-02","2015-07-07","1","2","1","5","10","1","0","0","0","0"
"myv","33","2015-07-02","2015-07-07","2","2","1","5","17","1","0","0","0","0"
"myv","33","2015-07-02","2015-07-07","3","2","1","1","3","0","0","0","0","0"
"myv","33","2015-07-02","2015-07-07","4","2","1","3","12","0","0","0","0","0"
"myv","33","2015-07-02","2015-07-07","5","2","1","6","6","1","0","0","0","0"
"myv","33","2015-07-11","2015-07-13","1","2","1","15","6","2","0","0","0","0"
"myv","33","2015-07-11","2015-07-13","2","2","1","8","15","0","0","0","0","0"
"myv","33","2015-07-11","2015-07-13","3","2","1","11","11","2","0","0","0","0"
"myv","33","2015-07-11","2015-07-13","4","2","1","22","28","2","0","0","0","0"
"myv","33","2015-07-11","2015-07-13","5","2","1","2","2","2","0","0","0","0"
"myv","33","2015-07-20","2015-07-21","1","2","1","78","42","3","0","0","0","0"
"myv","33","2015-07-20","2015-07-21","2","2","1","65","20","2","0","0","0","0"
"myv","33","2015-07-20","2015-07-21","3","2","1","0","3","0","0","0","0","0"
"myv","33","2015-07-20","2015-07-21","4","2","1","14","11","1","0","0","0","0"
"myv","33","2015-07-20","2015-07-21","5","2","1","31","15","0","0","0","0","0"
"myv","33","2015-07-29","2015-08-02","1","2","1","1","7","1","0","0","0","0"
"myv","33","2015-07-29","2015-08-02","2","2","1","0","0","0","0","0","0","0"
"myv","33","2015-07-29","2015-08-02","3","2","1","5","8","0","0","0","0","0"
"myv","33","2015-07-29","2015-08-02","4","2","1","22","9","1","0","0","0","0"
"myv","33","2015-07-29","2015-08-02","5","2","1","45","32","0","0","0","0","0"
"myv","33","2015-08-07","2015-08-08","1","2","1","24","11","1","0","0","0","0"
"myv","33","2015-08-07","2015-08-08","2","2","1","9","12","1","0","0","0","0"
"myv","33","2015-08-07","2015-08-08","3","2","1","45","15","3","0","0","0","0"
"myv","33","2015-08-07","2015-08-08","4","2","1","13","14","3","0","0","0","0"
"myv","33","2015-08-07","2015-08-08","5","2","1","6","4","1","0","0","0","0"
"myv","1","2015-11-24","2015-11-25","1","2","1","172","18","3","0","0","0","0"
"myv","1","2015-11-24","2015-11-25","2","2","1","139","16","1","0","0","0","0"
"myv","1","2015-11-24","2015-11-25","3","2","0.5","57","6","4","0","0","0","0"
"myv","1","2015-11-24","2015-11-25","4","2","1","30","10","6","0","0","0","0"
"myv","1","2015-11-24","2015-11-25","5","2","1","124","15","2","0","0","0","0"
"myv","1","2015-11-24","2015-11-25","6","2","0.5","105","2","1","0","0","0","0"
"myv","1","2015-07-23","2016-05-16","1","2","0.5","220","6","1","0","0","0","0"
"myv","1","2015-07-23","2016-05-16","2","2","1","464","26","20","0","0","0","0"
"myv","1","2015-07-23","2016-05-16","3","2","1","287","27","10","0","0","0","0"
"myv","2","2015-07-23","2016-05-16","1","2","0.75","52","3","3","0","0","0","0"
"myv","2","2015-07-25","2016-05-16","2","2","0.25","87","0","4","0","0","0","0"
"myv","2","2015-07-24","2016-05-16","3","2","0.5","425","14","14","0","0","0","0"
"myv","33","2015-07-23","2016-05-16","1","2","1","21","9","2","0","0","0","0"
"myv","33","2015-07-23","2016-05-16","2","2","1","27","7","2","0","0","0","0"
"myv","33","2015-07-23","2016-05-16","3","2","1","36","25","5","0","0","0","0"
"myv","4","2015-07-24","2016-05-16","1","2","1","20","19","4","0","0","0","1"
"myv","4","2015-07-24","2016-05-16","2","2","1","15","10","5","0","1","0","0"
"myv","4","2015-07-24","2016-05-16","3","2","1","47","15","1","0","0","0","0"
"myv","5","2015-07-24","2016-05-16","1","2","0.25","158","3","8","0","0","0","0"
"myv","5","2015-07-24","2016-05-16","2","2","0.5","84","3","6","0","0","0","0"
"myv","5","2015-07-24","2016-05-16","3","2","0.25","114","4","8","0","0","0","0"
"myv","6","2015-07-24","2016-05-16","1","2","1","158","3","17","3","0","0","1"
"myv","6","2015-07-24","2016-05-16","2","2","1","44","0","13","0","1","0","0"
"myv","6","2015-07-24","2016-05-16","3","2","0.5","86","5","10","0","0","0","1"
"myv","1","2015-08-12","2016-05-16","1","2","0.125","79","6","1","0","1","0","0"
"myv ","1","2015-08-12","2016-05-16","2","2","0.125","50","4","2","0","0","0","0"
"myv","1","2015-08-12","2016-05-16","3","2","0.125","43","1","0","0","0","0","3"
"myv","2","2015-08-13","2016-05-16","1","2","0.5","297","5","8","2","3","0","0"
"myv","2","2015-08-13","2016-05-16","2","2","0.125","54","2","3","0","0","0","0"
"myv","2","2015-08-13","2016-05-16","3","2","0.125","71","0","5","0","0","0","0"
"myv","33","2015-08-12","2016-05-16","1","2","1","8","3","1","0","0","0","0"
"myv","33","2015-08-12","2016-05-16","2","2","1","24","6","5","0","0","0","0"
"myv","33","2015-08-12","2016-05-16","3","2","1","15","7","1","0","0","0","0"
"myv","4","2015-08-13","2016-05-16","1","2","0.125","48","2","2","0","0","0","0"
"myv","4","2015-08-13","2016-05-16","2","2","0.125","46","6","2","0","0","0","0"
"myv","4","2015-08-13","2016-05-16","3","2","0.125","132","10","6","0","0","0","0"
"myv","5","2015-08-12","2016-05-16","1","2","0.5","100","7","3","0","0","0","0"
"myv","5","2015-08-13","2016-05-16","2","2","0.125","42","5","3","0","0","0","1"
"myv","5","2015-08-13","2016-05-16","3","2","0.125","40","4","0","0","1","0","0"
"myv","6","2015-08-12","2016-05-16","1","2","0.25","56","4","8","1","0","0","0"
"myv","6","2015-08-12","2016-05-16","2","2","0.25","84","4","3","1","0","0","0"
"myv","6","2015-08-12","2016-05-16","3","2","0.375","42","9","3","0","0","0","0"
"myv","1","2016-05-29","2016-06-02","1","2","1","10","7","1","0","0","0","0"
"myv","1","2016-05-29","2016-06-02","2","2","1","9","12","0","0","0","0","0"
"myv","1","2016-05-29","2016-06-02","3","2","1","13","17","2","0","0","0","0"
"myv","2","2016-05-30","2016-06-07","1","2","1","24","7","1","2","0","0","0"
"myv","2","2016-05-30","2016-06-07","2","2","1","45","5","4","0","0","0","0"
"myv","2","2016-05-30","2016-06-05","3","2","1","17","10","4","0","0","0","0"
"myv","33","2016-05-29","2016-06-02","1","2","1","6","1","2","0","0","0","0"
"myv","33","2016-05-29","2016-06-02","2","2","1","10","1","2","1","0","1","0"
"myv","33","2016-05-29","2016-06-02","3","2","1","3","0","0","0","0","0","0"
"myv","33","2016-05-29","2016-06-02","4","2","1","1","2","0","0","0","0","0"
"myv","33","2016-05-29","2016-06-02","5","2","1","2","3","2","0","0","0","0"
"myv","4","2016-05-30","2016-06-02","1","2","1","18","7","1","0","0","0","0"
"myv","4","2016-05-30","2016-06-02","2","2","1","70","11","2","0","0","0","2"
"myv","4","2016-05-30","2016-06-02","3","2","1","50","4","4","0","0","0","1"
"myv","5","2016-05-31","2016-06-06","1","2","1","0","1","0","0","2","0","2"
"myv","5","2016-05-31","2016-06-06","2","2","1","34","10","1","0","0","0","0"
"myv","5","2016-05-31","2016-06-06","3","2","1","31","3","0","0","0","0","5"
"myv ","6","2016-05-31","2016-06-07","1","2","1","0","5","0","0","0","0","0"
"myv ","6","2016-05-31","2016-06-07","2","2","1","0","1","1","0","0","0","0"
"myv ","6","2016-05-31","2016-06-07","3","2","1","29","8","2","0","0","0","0"
"myv ","33","2016-06-05","2016-06-07","1","2","1","5","5","2","0","0","0","0"
"myv ","33","2016-06-05","2016-06-07","2","2","1","4","1","1","0","2","1","3"
"myv ","33","2016-06-05","2016-06-07","3","2","1","1","7","1","0","1","1","2"
"myv ","33","2016-06-05","2016-06-07","4","2","1","4","6","0","0","2","0","2"
"myv ","33","2016-06-05","2016-06-07","5","2","1","4","2","3","1","0","2","2"
"myv","33","2016-06-11","2016-06-16","1","2","1","6","10","2","0","0","0","0"
"myv","33","2016-06-11","2016-06-16","2","2","1","6","42","1","0","0","0","0"
"myv","33","2016-06-11","2016-06-16","3","2","1","5","22","1","0","0","0","0"
"myv","33","2016-06-11","2016-06-16","4","2","1","4","14","0","0","0","0","0"
"myv","33","2016-06-11","2016-06-16","5","2","1","3","27","0","0","0","0","0"
"myv","33","2016-06-22","2016-06-23","1","2","0.5","56","9","0","0","0","0","0"
"myv","33","2016-06-22","2016-06-23","2","2","0.5","26","15","2","0","0","0","0"
"myv","33","2016-06-22","2016-06-23","3","2","0.5","32","18","1","0","0","0","0"
"myv","33","2016-06-22","2016-06-23","4","2","0.5","76","9","0","0","0","0","0"
"myv","33","2016-06-22","2016-06-23","5","2","0.5","85","21","3","0","0","0","0"
"myv","1","2017-05-26","2017-05-31","1","2","1","2","1","2","0","0","0","0"
"myv","1","2017-05-26","2017-05-31","2","2","1","1","1","0","0","1","0","1"
"myv","1","2017-05-26","2017-05-31","3","2","1","1","1","0","0","0","0","0"
"myv","2","2017-05-26","2017-06-01","1","2","1","0","0","3","0","2","0","2"
"myv","2","2017-05-26","2017-06-01","2","2","1","0","1","1","3","2","0","2"
"myv","2","2017-05-26","2017-06-01","3","2","1","0","1","0","0","2","0","2"
"myv","33","2017-05-24","2017-06-01","1","2","1","41","6","3","1","11","0","11"
"myv","33","2017-05-24","2017-06-01","2","2","1","32","10","2","0","1","3","4"
"myv","33","2017-05-24","2017-06-01","3","2","1","42","12","1","0","8","3","11"
"myv","33","2017-05-24","2017-06-01","4","2","1","62","7","1","0","24","0","24"
"myv","33","2017-05-24","2017-06-01","5","2","1","43","5","3","0","11","6","17"
"myv","4","2017-05-26","2017-06-06","1","2","1","12","0","7","0","5","0","5"
"myv","4","2017-05-26","2017-06-06","2","2","1","9","2","2","0","7","0","7"
"myv","4","2017-05-26","2017-06-06","3","2","1","15","1","8","0","12","0","12"
"myv","5","2017-05-25","2017-06-06","1","2","1","3","1","3","3","9","0","9"
"myv","5","2017-05-25","2017-06-06","2","2","1","7","1","9","6","6","0","6"
"myv","5","2017-05-25","2017-06-06","3","2","1","2","4","7","5","10","0","10"
"myv","6","2017-05-25","2017-06-07","1","2","1","1","0","5","0","0","0","0"
"myv","6","2017-05-25","2017-06-07","2","2","1","1","0","0","0","1","0","1"
"myv","6","2017-05-25","2017-06-07","3","2","1","0","0","1","7","3","0","3"
"myv","33","2017-06-08","2017-06-12","2","2","1","3","10","2","0","1","1","2"
"myv","33","2017-06-08","2017-06-12","4","2","1","10","39","8","0","2","0","2"
"myv","33","2017-06-08","2017-06-12","6","2","1","18","11","6","0","1","0","1"
"myv","33","2017-06-08","2017-06-12","8","2","1","6","12","5","0","0","0","0"
"myv","33","2017-06-08","2017-06-12","9","2","1","6","20","4","0","3","1","4"
"myv","33","2017-06-16","2017-06-20","2","2","1","4","15","0","0","0","0","0"
"myv","33","2017-06-16","2017-06-20","4","2","1","3","9","0","0","0","0","0"
"myv","33","2017-06-16","2017-06-20","6","2","1","0","17","0","0","0","0","0"
"myv","33","2017-06-16","2017-06-20","8","2","1","5","24","1","0","0","0","0"
"myv","33","2017-06-16","2017-06-20","9","2","1","12","14","1","0","0","0","0"
"myv","1","2017-06-22","2017-06-24","1","2","0.5","13","12","4","8","0","0","0"
"myv","1","2017-06-22","2017-06-24","2","2","1","2","0","0","0","0","0","0"
"myv","2","2017-06-22","2017-06-24","1","2","0.5","1","6","0","2","0","0","0"
"myv","2","2017-06-22","2017-06-24","2","2","1","0","3","1","0","0","0","0"
"myv","33","2017-06-22","2017-06-24","1","2","0.5","1","4","0","0","0","0","0"
"myv","33","2017-06-22","2017-06-24","2","2","0.5","1","4","0","1","0","1","1"
"myv","4","2017-06-22","2017-06-24","1","2","0.5","0","4","0","8","0","0","0"
"myv","4","2017-06-22","2017-06-24","2","2","0.5","3","5","1","6","0","0","0"
"myv","5","2017-06-20","2017-06-23","1","2","0.5","16","0","8","0","0","0","0"
"myv","5","2017-06-20","2017-06-23","2","2","1","27","1","10","0","0","0","0"
"myv","6","2017-06-20","2017-06-22","1","2","0.5","9","19","2","0","0","0","0"
"myv","6","2017-06-20","2017-06-22","2","2","NA","15","10","1","0","0","0","0"
"myv","33","2017-06-25","2017-06-25","2","2","1","15","2","0","0","0","0","0"
"myv","33","2017-06-25","2017-06-25","6","2","1","4","9","1","0","0","0","0"
"myv","33","2017-06-25","2017-06-25","8","2","1","8","7","1","0","0","0","0"
"myv","33","2017-06-25","2017-06-25","9","2","1","16","14","1","0","0","0","0"
"myv","33","2017-06-25","2017-06-25","10","2","1","20","26","2","0","0","0","0"
"myv","33","2017-07-05","2017-07-09","2","2","1","16","8","1","0","0","0","0"
"myv","33","2017-07-05","2017-07-09","4","2","1","6","5","0","0","0","0","0"
"myv","33","2017-07-05","2017-07-09","6","2","1","30","5","3","0","0","0","0"
"myv","33","2017-07-05","2017-07-09","8","2","1","10","3","1","0","0","0","0"
"myv","33","2017-07-05","2017-07-09","9","2","1","19","9","0","0","0","0","0"
"myv","1","2017-07-10","2017-07-18","1","2","1","69","1","4","31","0","0","0"
"myv","1","2017-07-10","2017-07-18","2","2","1","53","2","8","20","0","0","0"
"myv","1","2017-07-10","2017-07-18","3","2","1","24","1","2","26","0","0","0"
"myv","2","2017-07-10","2017-07-18","1","2","1","0","7","1","20","0","0","0"
"myv","2","2017-07-10","2017-07-18","2","2","1","1","2","0","9","0","0","0"
"myv","2","2017-07-10","2017-07-18","3","2","1","2","18","0","8","0","0","0"
"myv","2","2017-07-10","2017-07-18","4","2","1","1","3","0","20","0","0","0"
"myv","33","2017-07-10","2017-07-19","1","2","1","15","8","3","0","1","0","1"
"myv","33","2017-07-10","2017-07-19","2","2","1","24","6","0","3","0","0","0"
"myv","33","2017-07-10","2017-07-19","3","2","1","9","3","1","1","0","0","0"
"myv","33","2017-07-10","2017-07-19","4","2","1","18","6","0","0","1","0","1"
"myv","4","2017-07-11","2017-07-19","1","2","1","2","0","0","10","0","0","0"
"myv","4","2017-07-11","2017-07-19","2","2","1","1","0","1","17","0","0","0"
"myv","4","2017-07-11","2017-07-19","3","2","1","1","0","3","20","0","0","0"
"myv","5","2017-07-10","2017-07-19","1","2","1","32","7","8","3","0","0","0"
"myv","5","2017-07-10","2017-07-19","2","2","1","80","6","6","2","0","0","0"
"myv","5","2017-07-10","2017-07-19","3","2","1","61","2","9","2","0","0","0"
"myv","5","2017-07-10","2017-07-19","4","2","1","47","5","9","0","0","0","0"
"myv","6","2017-07-11","2017-07-22","1","2","0.25","63","3","6","21","0","0","0"
"myv","6","2017-07-11","2017-07-22","2","2","0.5","73","2","2","22","0","0","0"
"myv","6","2017-07-11","2017-07-20","3","2","0.5","130","14","6","46","0","1","1"
"myv","33","2017-07-17","2017-07-28","2","2","1","16","9","0","0","0","0","0"
"myv","33","2017-07-17","2017-07-28","4","2","1","16","2","2","3","0","0","0"
"myv","33","2017-07-17","2017-07-28","6","2","1","27","5","0","0","1","0","1"
"myv","33","2017-07-17","2017-07-28","8","2","1","22","5","1","0","0","0","0"
"myv","33","2017-07-17","2017-07-28","9","2","1","18","6","0","2","1","0","1"
"myv","2","2017-07-21","2017-08-06","1","2","1","4","9","0","37","0","0","0"
"myv","2","2017-07-21","2017-08-06","2","2","1","1","16","0","36","0","0","0"
"myv","2","2017-07-21","2017-08-06","4","2","1","0","6","0","22","0","0","0"
"myv","2","2017-07-21","2017-08-06","3","2","1","0","16","0","24","0","0","0"
"myv","33","2017-07-21","2017-08-01","1","2","1","12","5","2","0","0","0","0"
"myv","33","2017-07-21","2017-08-01","2","2","1","19","6","3","0","0","0","0"
"myv","33","2017-07-21","2017-08-06","3","2","1","8","5","0","0","0","0","0"
"myv","33","2017-07-21","2017-08-06","4","2","1","23","2","2","0","0","0","0"
"myv","6","2017-07-21","2017-08-01","1","2","1","0","1","3","2","0","0","0"
"myv","6","2017-07-21","2017-08-01","2","2","1","1","0","0","0","0","0","0"
"myv","6","2017-07-21","2017-08-01","3","2","1","0","1","0","1","0","0","0"
"myv","6","2017-07-21","2017-08-01","4","2","1","0","1","0","0","0","0","0"
"myv","33","2017-07-24","2017-07-28","2","2","1","6","2","2","0","1","0","1"
"myv","33","2017-07-24","2017-07-28","4","2","1","22","9","0","3","6","0","6"
"myv","33","2017-07-24","2017-07-28","6","2","1","23","9","2","2","5","0","5"
"myv","33","2017-07-24","2017-07-28","8","2","1","12","1","1","1","3","0","3"
"myv","33","2017-07-24","2017-07-28","9","2","1","33","4","1","0","0","0","0"
"myv","33","2017-08-02","2017-08-06","4","2","1","17","16","1","0","0","0","0"
"myv","33","2017-08-02","2017-08-06","6","2","1","25","7","1","0","9","0","9"
"myv","33","2017-08-02","2017-08-06","8","2","1","10","8","0","0","0","0","0"
"myv","33","2017-08-02","2017-08-06","9","2","1","50","4","3","0","2","0","2"
"myv","33","2017-08-02","2017-08-06","10","2","1","4","3","0","0","3","0","3"
"myv","33","2017-08-13","2017-08-27","1","2","1","21","3","0","4","0","0","0"
"myv","33","2017-08-13","2017-08-27","2","2","0.5","116","5","7","0","0","0","0"
"myv","33","2017-08-13","2017-08-27","3","2","1","37","5","0","1","0","0","0"
"myv","33","2017-08-13","2017-08-27","4","2","1","14","6","0","0","0","0","0"
"myv","5","2017-08-13","2017-08-27","1","2","0.5","193","0","6","2","0","0","0"
"myv","5","2017-08-13","2017-08-27","2","2","0.5","68","0","2","0","0","0","0"
"myv","5","2017-08-13","2017-08-27","3","2","1","71","0","0","0","0","0","0"
"myv","5","2017-08-13","2017-08-27","4","2","0.5","69","0","2","0","0","0","0"
"myv","6","2017-08-14","2017-08-26","1","2","0.5","78","4","9","6","0","0","0"
"myv","6","2017-08-14","2017-08-26","2","2","0.5","56","1","11","9","0","0","0"
"myv","6","2017-08-14","2017-08-26","3","2","1","106","3","13","5","0","0","0"
"myv","33","2017-09-03","2017-10-08","2","2","0.5","156","1","2","2","0","0","0"
"myv","33","2017-09-03","2017-10-08","4","2","0.0625","26","0","0","3","0","0","0"
"myv","33","2017-09-03","2017-10-08","6","2","0.125","225","0","3","0","0","0","0"
"myv","33","2017-09-03","2017-10-08","8","2","0.0625","36","1","1","0","0","0","0"
"myv","33","2017-09-03","2017-10-08","9","2","0.25","117","0","0","1","0","0","0"
"myv","33","2017-09-25","2017-10-04","4","2","0.25","82","2","3","0","0","0","0"
"myv","33","2017-09-25","2017-10-04","6","2","0.25","70","2","2","0","0","0","0"
"myv","33","2017-09-25","2017-10-04","8","2","0.25","81","0","2","0","0","0","0"
"myv","33","2017-09-25","2017-10-04","9","2","0.125","27","0","1","0","0","0","0"
"myv","33","2017-09-25","2017-10-04","10","2","0.125","41","3","0","1","0","0","0"
"myv","33","2017-10-05","2017-10-7","1","2","0.125","91","2","1","7","0","0","0"
"myv","33","2017-10-05","2017-10-7","2","2","0.125","66","0","1","0","0","0","0"
"myv","33","2017-10-05","2017-10-7","3","2","0.125","32","0","0","2","0","0","0"
"myv","33","2017-10-05","2017-10-7","4","2","0.125","63","2","1","1","0","0","0"
"myv","33","2017-10-05","2017-10-7","5","2","0.125","45","0","0","0","0","0","0"
"myv","1","2017-10-05","2017-10-7","1","2","0.25","0","0","0","10","0","0","0"
"myv","1","2017-10-05","2017-10-7","2","2","0.125","0","0","0","9","0","0","0"
"myv","1","2017-10-05","2017-10-7","3","2","0.125","0","0","0","4","0","0","0"
"myv","1","2017-10-05","2017-10-7","4","2","0.25","0","0","2","7","0","0","0"
"myv","1","2017-10-05","2017-10-7","5","2","0.125","0","0","0","6","0","0","0"
"myv","33","2017-10-05","2017-07-11","1","2","0.5","70","14","4","0","0","0","0"
"myv","33","2017-10-05","2017-07-20","2","2","0.5","80","14","1","0","0","0","0"
"myv","33","2017-10-05","2017-07-20","3","2","0.5","47","5","2","0","0","0","0"
"myv","33","2017-10-05","2017-09-13","4","2","0.5","68","7","1","1","1","0","1"
"myv","33","2017-10-05","2017-09-19","5","2","0.5","67","6","1","0","0","0","0"
"myv","33","2016-07-18","2017-09-26","1","2","1","31","17","3","0","9","0","9"
"myv","33","2016-07-18","2017-09-26","2","2","0.5","53","21","6","0","22","0","22"
"myv","33","2016-07-18","2017-09-28","3","2","1","4","12","0","0","4","0","4"
"myv","33","2016-07-18","2017-09-28","4","2","1","81","33","13","0","26","0","26"
"myv","33","2016-07-18","2017-09-28","5","2","1","65","32","7","1","20","0","20"
"myv","33","2017-08-20","2017-10-11","2","2","0.5","81","1","1","0","0","0","0"
"myv","33","2017-08-20","2017-10-11","4","2","0.5","62","1","1","1","0","0","0"
"myv","33","2017-08-20","2017-10-11","6","2","0.5","294","1","1","0","0","0","0"
"myv","33","2017-08-20","2017-10-11","8","2","0.5","198","1","3","0","0","0","0"
"myv","33","2017-08-20","2017-10-11","9","2","1","186","4","3","1","0","0","0"
"myv","33","2016-07-05","2017-07-11","1","2","0.5","70","14","5","0","0","0","0"
"myv","33","2016-07-05","2017-07-20","2","2","0.5","80","14","1","0","0","0","0"
"myv","33","2016-07-05","2017-09-13","3","2","0.5","47","5","2","0","0","0","0"
"myv","33","2016-07-05","2017-09-13","4","2","0.5","68","7","1","1","1","0","1"
"myv","33","2016-07-05","2017-09-19","5","2","0.5","67","6","1","0","0","0","0"
"myv","33","2016-07-18","2017-09-26","1","2","1","31","17","3","0","9","0","9"
"myv","33","2016-07-18","2017-09-26","2","2","0.5","53","21","6","0","22","0","22"
"myv","33","2016-07-18","2017-09-28","3","2","1","4","12","0","0","4","0","4"
"myv","33","2016-07-18","2017-09-28","4","2","1","81","33","13","0","26","0","26"
"myv","33","2016-07-18","2017-09-28","5","2","1","65","32","7","1","20","0","20"
"myv","33","2016-08-17","2017-10-19","1","2","0.5","58","11","1","0","0","0","0"
"myv","33","2016-08-17","2017-10-19","2","2","0.25","58","12","0","0","0","0","0"
"myv","33","2016-08-17","2017-10-19","3","2","0.25","72","5","3","0","0","0","0"
"myv","33","2016-08-17","2017-10-19","4","2","0.25","100","2","1","0","0","0","0"
"myv","33","2016-08-17","2017-10-19","5","2","0.25","65","9","1","0","0","0","0"
"myv","1","2018-03-24","2018-04-13","1","2","0.25","0","0","0","2","0","0","0"
"myv","1","2018-03-24","2018-04-13","2","2","0.25","0","1","1","3","0","0","0"
"myv","1","2018-03-24","2018-04-13","3","2","0.25","0","2","2","35","0","0","0"
"myv","1","2018-03-24","2018-04-13","4","2","0.25","0","1","1","4","0","0","0"
"myv","1","2018-03-24","2018-04-13","5","2","0.25","0","1","2","4","0","0","0"
"myv","33","2018-03-24","2018-05-30","1","2","0.25","32","2","0","1","0","0","0"
"myv","33","2018-03-24","2018-05-30","2","2","0.25","15","1","0","0","0","0","0"
"myv","33","2018-03-24","2018-05-30","3","2","0.25","20","1","0","0","0","0","0"
"myv","33","2018-03-24","2018-05-30","4","2","0.25","48","1","0","0","0","0","0"
"myv","33","2018-03-24","2018-05-30","5","2","0.25","22","1","1","0","0","0","0"
"myv","33","2018-05-21","2018-05-23","1","2","1","29","4","1","0","0","0","0"
"myv","33","2018-05-21","2018-05-23","2","2","1","25","4","3","1","0","2","2"
"myv","33","2018-05-21","2018-05-23","3","2","1","19","2","3","0","0","1","1"
"myv","33","2018-05-21","2018-05-23","4","2","1","41","2","1","0","2","1","3"
"myv","33","2018-05-21","2018-05-23","5","2","1","48","5","2","1","0","0","0"
"myv","1","2018-05-27","2018-06-07","1","2","1","0","0","0","1","0","0","0"
"myv","1","2018-05-27","2018-06-07","2","2","1","2","0","4","2","1","0","1"
"myv","1","2018-05-27","2018-06-07","3","2","1","1","0","1","1","0","1","1"
"myv","2","2018-05-29","2018-06-07","1","2","0.5","13","0","6","2","3","2","5"
"myv","2","2018-05-29","2018-06-07","2","2","0.25","15","0","1","0","2","0","2"
"myv","2","2018-05-29","2018-06-07","3","2","0.25","1","0","0","0","0","0","0"
"myv","33","2018-05-27","2018-06-07","1","2","0.25","11","0","2","1","8","0","8"
"myv","33","2018-05-27","2018-06-07","2","2","0.25","10","1","0","0","2","1","3"
"myv","33","2018-05-27","2018-06-07","3","2","0.5","18","4","2","4","3","2","5"
"myv","4","2018-05-29","2018-06-04","1","2","0.5","1","1","1","0","1","1","2"
"myv","4","2018-05-29","2018-06-09","2","2","0.5","5","5","3","0","0","1","1"
"myv","4","2018-05-29","2018-06-09","3","2","0.5","0","2","1","0","0","0","0"
"myv","5","2018-05-27","2018-06-04","1","2","0.5","22","0","6","5","10","0","10"
"myv","5","2018-05-27","2018-06-04","2","2","0.5","15","0","5","0","48","0","48"
"myv","5","2018-05-27","2018-06-04","3","2","0.25","13","0","3","0","23","0","23"
"myv","6","2018-05-27","2018-06-06","1","2","1","5","2","1","15","6","0","6"
"myv","6","2018-05-27","2018-06-06","2","2","1","12","1","5","0","1","0","1"
"myv","6","2018-05-27","2018-06-06","3","2","1","9","1","10","0","1","0","1"
"myv","33","2018-06-04","2018-06-09","2","2","1","3","0","4","2","3","0","3"
"myv","33","2018-06-04","2018-06-09","4","2","1","1","1","2","1","3","1","4"
"myv","33","2018-06-04","2018-06-09","6","2","1","4","0","5","4","7","0","7"
"myv","33","2018-06-04","2018-06-09","8","2","1","4","1","5","1","3","0","3"
"myv","33","2018-06-04","2018-06-09","9","2","1","2","0","5","1","1","0","1"
"myv","33","2018-06-11","2018-06-13","2","2","1","2","2","0","0","0","0","0"
"myv","33","2018-06-11","2018-06-12","4","2","1","2","37","4","0","0","0","0"
"myv","33","2018-06-11","2018-06-16","6","2","1","2","7","6","0","0","0","0"
"myv","33","2018-06-11","2018-06-16","8","2","1","0","7","2","0","0","0","0"
"myv","33","2018-06-11","2018-06-12","9","2","1","2","1","7","1","1","0","1"
"myv","33","2018-06-23","2018-06-23","2","2","0.5","0","0","0","0","0","0","0"
"myv","33","2018-06-23","2018-06-23","4","2","0.5","9","3","5","0","0","0","0"
"myv","33","2018-06-23","2018-06-23","6","2","0.5","16","0","3","2","0","0","0"
"myv","33","2018-06-23","2018-06-23","8","2","0.5","5","0","2","0","0","0","0"
"myv","33","2018-06-23","2018-06-23","9","2","0.5","4","1","2","1","0","0","0"
"myv","1","2018-06-27","NA","1","2","0.5","85","11","7","4","0","0","0"
"myv","1","2018-06-27","NA","2","2","0.125","36","4","4","0","0","0","0"
"myv","1","2018-06-27","NA","3","2","0.125","39","5","2","2","0","0","0"
"myv","2","2018-06-27","2018-07-06","1","2","0.5","2","2","2","10","0","0","0"
"myv","2","2018-06-27","2018-07-06","2","2","0.5","3","4","8","19","0","0","0"
"myv","2","2018-06-27","2018-07-01","3","2","0.5","4","0","5","12","0","0","0"
"myv","4","2018-06-27","2018-07-10","1","2","0.5","0","1","1","1","0","0","0"
"myv","4","2018-06-27","2018-07-10","2","2","0.5","0","3","4","1","0","0","0"
"myv","4","2018-06-27","2018-07-10","3","2","0.5","1","2","7","11","0","0","0"
"myv","5","2018-06-27","2018-06-30","1","2","0.0625","30","2","5","0","0","0","0"
"myv","5","2018-06-27","2018-06-30","2","2","0.125","47","11","8","1","0","0","0"
"myv","5","2018-06-27","2018-06-30","3","2","0.0625","29","4","0","0","0","0","0"
"myv","6","2018-06-27","2018-07-01","1","2","0.5","14","0","2","3","0","0","0"
"myv","6","2018-06-27","2018-07-06","2","2","0.5","34","5","15","55","0","0","0"
"myv","6","2018-06-27","2018-06-30","3","2","0.25","16","1","8","3","0","0","0"
"myv","33","2018-07-01","2018-07-10","2","2","1","5","2","5","3","0","0","0"
"myv","33","2018-07-01","2018-07-10","4","2","0.5","3","0","3","2","0","0","0"
"myv","33","2018-07-01","2018-07-10","6","2","1","62","7","4","5","0","0","0"
"myv","33","2018-07-01","2018-07-10","8","2","1","5","0","8","2","0","0","0"
"myv","33","2018-07-01","2018-07-10","9","2","1","6","0","8","1","0","0","0"
"myv","33","2018-07-12","2018-07-18","2","2","0.5","9","1","5","2","0","0","0"
"myv","33","2018-07-12","2018-07-18","4","2","0.5","23","3","5","1","0","0","0"
"myv","33","2018-07-12","2018-07-18","6","2","0.5","1","1","0","1","0","0","0"
"myv","33","2018-07-12","2018-07-18","8","2","0.5","19","1","7","1","0","0","0"
"myv","33","2018-07-12","2018-07-18","9","2","0.5","8","2","15","6","0","0","0"
"myv","33","2018-07-20","2018-07-21","2","2","1","4","1","2","1","0","0","0"
"myv","33","2018-07-20","2018-07-21","4","2","1","3","0","1","1","0","0","0"
"myv","33","2018-07-20","2018-07-21","6","2","1","1","1","2","0","0","0","0"
"myv","33","2018-07-20","2018-07-21","8","2","1","10","0","8","3","0","0","0"
"myv","33","2018-07-20","2018-07-21","9","2","0.5","5","4","4","0","0","0","0"
"myv","33","2018-07-28","2018-08-04","2","2","1","7","1","5","0","0","0","0"
"myv","33","2018-07-28","2018-08-04","4","2","1","18","5","5","0","0","0","0"
"myv","33","2018-07-28","2018-08-04","6","2","1","20","1","6","0","1","0","1"
"myv","33","2018-07-28","2018-08-04","8","2","1","11","3","5","0","1","0","1"
"myv","33","2018-07-28","2018-08-04","9","2","1","8","0","1","0","0","0","0"
"myv","5","2018-08-02","2018-08-04","1","2","0.125","52","2","5","1","0","0","0"
"myv","5","2018-08-02","2018-08-12","3","2","0.25","64","3","10","0","0","0","0"
"myv","33","2018-08-11","2018-08-12","2","2","1","0","1","2","0","0","0","0"
"myv","33","2018-08-11","2018-08-12","4","2","1","0","1","2","0","0","0","0"
"myv","33","2018-08-11","2018-08-12","6","2","1","0","0","2","0","0","0","0"
"myv","33","2018-08-11","2018-08-12","8","2","1","3","2","5","0","0","0","0"
"myv","33","2018-08-11","2018-08-12","9","2","1","0","0","3","0","0","0","0"
"myv","1","2018-08-13","2018-08-15","1","2","0.125","34","1","1","0","0","0","0"
"myv","1","2018-08-13","2018-08-15","2","2","0.0625","6","3","4","2","0","0","0"
"myv","1","2018-08-13","2018-08-15","3","2","0.25","12","1","6","0","0","0","0"
"myv","2","2018-08-13","2018-08-15","1","2","0.25","3","3","2","12","0","0","0"
"myv","2","2018-08-13","2018-08-15","2","2","0.25","0","0","1","19","0","0","0"
"myv","2","2018-08-13","2018-08-15","3","2","0.25","0","0","1","15","0","0","0"
"myv","4","2018-08-13","2018-08-15","1","2","0.5","5","4","3","2","0","0","0"
"myv","4","2018-08-13","2018-08-15","2","2","0.25","0","15","1","1","1","0","1"
"myv","4","2018-08-13","2018-08-15","3","2","0.5","0","17","6","0","0","0","0"
"myv","5","2018-08-13","2018-08-15","1","2","0.125","51","4","9","0","0","0","0"
"myv","5","2018-08-13","2018-08-15","2","2","0.0625","35","0","8","0","0","0","0"
"myv","5","2018-08-13","2018-08-15","3","2","0.0625","34","0","0","0","0","0","0"
"myv","6","2018-08-13","2018-08-15","1","2","0.125","12","1","1","0","0","0",""
"myv","6","2018-08-13","2018-08-15","2","2","0.125","9","2","4","0","0","0",""
"myv","6","2018-08-13","2018-08-15","3","2","0.125","11","1","1","2","0","0",""
"myv","33","2018-08-17","2018-08-18","2","2","1","4","0","1","0","0","0","0"
"myv","33","2018-08-17","2018-08-18","4","2","1","3","1","0","0","0","0","0"
"myv","33","2018-08-17","2018-08-18","6","2","1","5","0","0","1","0","0","0"
"myv","33","2018-08-17","2018-08-18","8","2","1","4","0","0","0","0","0","0"
"myv","33","2018-08-17","2018-08-18","9","NA","NA","NA","NA","NA","NA","NA","NA","NA"